이름,생성일,태그
Week 5-1. What’s React?,"June 9, 2024 2:46 AM",
Week 5-2. JSX 문법,"June 9, 2024 2:46 AM",
Week 5-3. Components,"June 9, 2024 2:46 AM",
Week 6-1. styled-components,"June 9, 2024 2:46 AM",
Week 6-2. 이벤트 핸들러,"June 9, 2024 2:46 AM",
Week 6-3. state란?,"June 9, 2024 2:46 AM",
Week 7-1. React Hooks #1. useState,"June 9, 2024 2:46 AM",
Week 7-2. React Hooks #2. useReducer,"June 9, 2024 2:46 AM",
Week 7-3. React Hooks #3. useContext,"June 9, 2024 2:46 AM",
Week 8-1. React Hooks #4. useRef,"June 9, 2024 2:46 AM",
Week 8-2. React Hooks #5. useEffect,"June 9, 2024 2:46 AM",
Week 9-1. React Router,"June 9, 2024 2:46 AM",
Week 9-2. React Query,"June 9, 2024 2:46 AM",